<?xml version='1.0' encoding='utf-8' standalone='yes' ?>
<map>
    <int name="AF_CACHE_VERSION" value="1" />
    <string name="prev_event_name">main_activity_on_create</string>
    <long name="prev_event_timestamp" value="1754258453350" />
    <boolean name="didSendRevenueTriggerOnLastBackground" value="false" />
    <int name="appsFlyerInAppEventCount" value="7" />
    <long name="prev_session_dur" value="7" />
    <long name="af_rc_max_age" value="86400" />
    <boolean name="ddl_sent" value="true" />
    <string name="sentSuccessfully">true</string>
    <int name="versionCode" value="5040201" />
    <string name="af_remote_config">eyJmZWF0dXJlcyI6e30sInZlciI6ImRlZmF1bHQudjEuMTYzNzE0OTUyOSJ9</string>
    <string name="savedProperties">{&quot;waitForCustomerId&quot;:&quot;false&quot;,&quot;logLevel&quot;:&quot;0&quot;,&quot;AppUserId&quot;:&quot;121476187&quot;}</string>
    <string name="AF_INSTALLATION">1754258399512-5899120997512213554</string>
    <boolean name="afUninstallToken_queued" value="false" />
    <int name="appsFlyerCount" value="6" />
    <long name="af_rc_timestamp" value="1754258400367" />
    <long name="AppsFlyerTimePassedSincePrevLaunch" value="1754258458177" />
    <boolean name="newGPReferrerSent" value="true" />
    <string name="appsFlyerFirstInstall">2025-08-04_032959+0530</string>
    <string name="attributionId">{&quot;install_time&quot;:&quot;2025-08-03 22:00:04.882&quot;,&quot;agency&quot;:null,&quot;media_source&quot;:&quot;restricted&quot;,&quot;retargeting_conversion_type&quot;:&quot;none&quot;,&quot;af_siteid&quot;:null,&quot;af_status&quot;:&quot;Non-organic&quot;,&quot;is_first_launch&quot;:false,&quot;af_sub1&quot;:null,&quot;af_sub5&quot;:null,&quot;click_time&quot;:null,&quot;af_sub4&quot;:null,&quot;af_sub3&quot;:null,&quot;af_sub2&quot;:null,&quot;http_referrer&quot;:null,&quot;campaign&quot;:null,&quot;af_channel&quot;:null,&quot;campaign_id&quot;:null}</string>
</map>
