{"Fid":"dO6_w0CtShe4-gSsxYnP8d","Status":3,"AuthToken":"eyJhbGciOiJFUzI1NiIsInR5cCI6IkpXVCJ9.eyJhcHBJZCI6IjE6ODUwMjIwMDM3MDgxOmFuZHJvaWQ6YjgyMDdhYzQwNzViNWUxMTI3NWZjOCIsImV4cCI6MTc1NDc0NjE5MywiZmlkIjoiZE82X3cwQ3RTaGU0LWdTc3hZblA4ZCIsInByb2plY3ROdW1iZXIiOjg1MDIyMDAzNzA4MX0.AB2LPV8wRQIgIqsLr68yCcJsTQTTQzIOMWPhmXjD7PAYlVBuQhNc2PYCIQCQm67nDinj1fpnq_Trqs_TtjcSQfmV1SrSMRg_M8ithw","RefreshToken":"3_AS3qfwK-RZLuWPuQ9zQhrzsqk_zdUp8cAGC7tUOlP-ohwFXf6DpG9wBajL-CKo92iZr2ehrVW98e2NDiT7eO4Br848PoCY867uvOlivKMO9U58Y","TokenCreationEpochInSecs":1754141392,"ExpiresInSecs":604800}